{
  "system_id": 118,
  "data_dir": "C:\\Users\\Adam\\Desktop\\DFME\\power system\\dfme_matlab\\FDIA_Dataset_case118",
  "subset_size": 1795,
  "run_seed": 42,
  "oracle_arch": "resmlp",
  "oracle_checkpoint_path": "",
  "attack_success_rate": 88.24512362480164,
  "avg_queries": 59.9949860724234,
  "avg_search_queries": 57.9949860724234,
  "avg_probe_queries": 2.0,
  "avg_total_oracle_queries": 60.9949860724234,
  "topology_mode": "auto",
  "topology_source": "explicit_bus_branch",
  "noise_model": "known",
  "attack_mode": "single_active_region_search",
  "query_mode": "margin",
  "save_level": "summary_only",
  "query_distribution": {
    "total_all": {
      "count": 1795,
      "mean": 59.9949860724234,
      "median": 7.0,
      "std": 111.97596975315098,
      "min": 3.0,
      "q25": 5.0,
      "q75": 27.0,
      "p90": 287.0,
      "p95": 367.0,
      "max": 367.0
    },
    "probe_all": {
      "count": 1795,
      "mean": 2.0,
      "median": 2.0,
      "std": 0.0,
      "min": 2.0,
      "q25": 2.0,
      "q75": 2.0,
      "p90": 2.0,
      "p95": 2.0,
      "max": 2.0
    },
    "search_all": {
      "count": 1795,
      "mean": 57.9949860724234,
      "median": 5.0,
      "std": 111.97596975315098,
      "min": 1.0,
      "q25": 3.0,
      "q75": 25.0,
      "p90": 285.0,
      "p95": 365.0,
      "max": 365.0
    },
    "total_success": {
      "count": 1584,
      "mean": 22.241161616161616,
      "median": 7.0,
      "std": 43.15139454497271,
      "min": 3.0,
      "q25": 5.0,
      "q75": 17.0,
      "p90": 39.0,
      "p95": 131.0,
      "max": 313.0
    },
    "total_failure": {
      "count": 211,
      "mean": 343.41706161137444,
      "median": 367.0,
      "std": 40.749105103318804,
      "min": 239.0,
      "q25": 319.0,
      "q75": 367.0,
      "p90": 367.0,
      "p95": 367.0,
      "max": 367.0
    },
    "search_success": {
      "count": 1584,
      "mean": 20.241161616161616,
      "median": 5.0,
      "std": 43.15139454497271,
      "min": 1.0,
      "q25": 3.0,
      "q75": 15.0,
      "p90": 37.0,
      "p95": 129.0,
      "max": 311.0
    },
    "search_failure": {
      "count": 211,
      "mean": 341.41706161137444,
      "median": 365.0,
      "std": 40.749105103318804,
      "min": 237.0,
      "q25": 317.0,
      "q75": 365.0,
      "p90": 365.0,
      "p95": 365.0,
      "max": 365.0
    }
  },
  "query_budget_curve": [
    {
      "budget": 25,
      "finished_count": 1248,
      "finished_rate": 69.52646239554318,
      "success_count": 1248,
      "success_rate": 69.52646239554318,
      "conditional_success_rate": 100.0
    },
    {
      "budget": 40,
      "finished_count": 1434,
      "finished_rate": 79.88857938718662,
      "success_count": 1434,
      "success_rate": 79.88857938718662,
      "conditional_success_rate": 100.0
    },
    {
      "budget": 50,
      "finished_count": 1436,
      "finished_rate": 80.0,
      "success_count": 1436,
      "success_rate": 80.0,
      "conditional_success_rate": 100.0
    },
    {
      "budget": 60,
      "finished_count": 1447,
      "finished_rate": 80.61281337047353,
      "success_count": 1447,
      "success_rate": 80.61281337047353,
      "conditional_success_rate": 100.0
    },
    {
      "budget": 75,
      "finished_count": 1462,
      "finished_rate": 81.44846796657382,
      "success_count": 1462,
      "success_rate": 81.44846796657382,
      "conditional_success_rate": 100.0
    },
    {
      "budget": 100,
      "finished_count": 1488,
      "finished_rate": 82.89693593314763,
      "success_count": 1488,
      "success_rate": 82.89693593314763,
      "conditional_success_rate": 100.0
    },
    {
      "budget": 150,
      "finished_count": 1524,
      "finished_rate": 84.9025069637883,
      "success_count": 1524,
      "success_rate": 84.9025069637883,
      "conditional_success_rate": 100.0
    },
    {
      "budget": 200,
      "finished_count": 1556,
      "finished_rate": 86.68523676880223,
      "success_count": 1556,
      "success_rate": 86.68523676880223,
      "conditional_success_rate": 100.0
    }
  ],
  "attack_config": {
    "attack_mode": "single_active_region_search",
    "state_seed_mode": "legacy",
    "region_size": 117,
    "anchor_size": 3,
    "region_candidates": 1,
    "anchor_pool_size": 3,
    "probabilistic_region_prior": false,
    "prior_temperature": 1.0,
    "prior_uniform_mixing": 0.0,
    "hierarchical_probe": false,
    "coarse_probe_directions": 1,
    "fine_probe_topk": 3,
    "initial_probe_region_topk": 0,
    "probe_expand_improvement_ratio": 0.0,
    "region_proposal_mode": "default",
    "proposal_diffusion_steps": 2,
    "proposal_diffusion_alpha": 0.35,
    "proposal_flow_weight": 0.3,
    "proposal_corridor_weight": 0.25,
    "probe_directions": 1,
    "probe_scale_ratio": 0.25,
    "population": 8,
    "rounds": 24,
    "radius_ratio": 1.0,
    "radius_floor": 0.01,
    "step_ratio": 0.35,
    "step_decay": 0.7,
    "patience": 3,
    "min_step_ratio": 0.08,
    "max_step_shrinks": 4,
    "measurement_delta_l2_ratio_cap": 0.4,
    "realism_penalty_weight": 0.0,
    "fdia_preserve_weight": 4.0,
    "fdia_backbone_lock_ratio": 0.2,
    "fdia_state_projection_min": 0.45,
    "fdia_measurement_projection_min": 0.45,
    "fdia_offsupport_max": 0.6,
    "fdia_state_penalty_weight": 0.45,
    "fdia_measurement_penalty_weight": 0.35,
    "fdia_offsupport_penalty_weight": 0.2,
    "region_budget_topk": 1,
    "region_budget_explore_rounds": 0,
    "feedback_loop": false,
    "feedback_round_chunk": 2,
    "feedback_branch_topk": 2,
    "feedback_stagnation_trigger": 2,
    "feedback_probe_gap_abs_threshold": 0.0,
    "feedback_probe_gap_ratio_threshold": 0.0,
    "feedback_keep_probe_best_incumbent": true,
    "feedback_min_state_dim": 0,
    "detector_feedback_region": false,
    "detector_feedback_prior_mix": 0.25,
    "detector_feedback_success_bonus": 0.75,
    "detector_feedback_min_gain": 0.0,
    "feedback_physics_reward_shaping": false,
    "feedback_physics_weight": 0.5,
    "region_budget_score_slack": 0.0,
    "budget_region_max_probe_best_prior": 1.0,
    "budget_region_prior_tiebreak": false,
    "measurement_suppression_strength": 0.0,
    "injection_scale": 0.82,
    "flow_scale": 1.0,
    "leverage_suppression": 0.3,
    "min_channel_scale": 0.6,
    "probe_channel_shaping_only": false,
    "structured_search_directions": false,
    "structured_direction_count": 4,
    "measurement_basis_search": false,
    "measurement_bandit_search": false,
    "state_basis_search": true,
    "state_bandit_search": false,
    "state_subspace_pgzoo": false,
    "state_basis_dim": 12,
    "bandit_direction_samples": 2,
    "bandit_momentum": 0.75,
    "bandit_exploration_ratio": 1.0,
    "bandit_warmup_rounds": 0,
    "pgzoo_probe_pairs": 2,
    "pgzoo_alpha_ratio": 1.0,
    "pgzoo_momentum": 0.75,
    "pgzoo_line_candidates": 3,
    "pgzoo_prior_topology_weight": 0.45,
    "pgzoo_prior_base_weight": 0.35,
    "pgzoo_prior_best_weight": 0.2,
    "pgzoo_structured_covariance": false,
    "pgzoo_physical_preconditioner": false,
    "pgzoo_covariance_gamma": 0.75,
    "pgzoo_covariance_ridge": 0.001,
    "pgzoo_preconditioner_ridge": 0.1,
    "measurement_guided_state_refine": false,
    "guided_state_region_size": 0,
    "physical_measurement_gate": false,
    "measurement_gate_ratio": 1.0,
    "measurement_gate_response_weight": 0.6,
    "measurement_gate_effectiveness_weight": 0.4,
    "measurement_conditioned_state_gate": false,
    "state_gate_ratio": 1.0,
    "state_gate_escape_candidates": 0,
    "adaptive_query_budget": true,
    "easy_probe_improvement_ratio": 0.08,
    "easy_population": 6,
    "easy_rounds": 6,
    "single_active_size": 64,
    "active_set_sizes": "",
    "layered_stage_rounds": 0,
    "layered_final_rounds": 0,
    "multisource_physical_prior": false,
    "physics_query_allocation": false,
    "physics_query_topk": 1,
    "physics_query_priority_weight": 0.35,