{
  "system_id": 118,
  "data_dir": "C:\\Users\\Adam\\Desktop\\DFME\\power system\\dfme_matlab\\FDIA_Dataset_case118",
  "result_dir": "C:\\Users\\Adam\\Desktop\\DFME\\power system\\topo_latent_blackbox\\results\\misc\\misc\\sweep118_p06_s12_case118\\runs\\ieee_case118_sweep118_p06_s12_case118",
  "exp_tag": "sweep118_p06_s12_case118",
  "subset_size": 16,
  "run_seed": 42,
  "oracle_arch": "resmlp",
  "oracle_checkpoint_path": "",
  "attack_success_rate": 56.25,
  "avg_queries": 203.375,
  "avg_search_queries": 106.375,
  "avg_probe_queries": 97.0,
  "avg_total_oracle_queries": 204.375,
  "query_cap_reached_ratio": 0.0,
  "topology_mode": "auto",
  "topology_source": "explicit_bus_branch",
  "noise_model": "known",
  "attack_mode": "support_identify_pgzoo",
  "query_mode": "margin",
  "save_level": "summary_only",
  "budget_boundary_push_ratio": 0.0,
  "budget_boundary_search_steps": 0,
  "budget_variant": "minimum_success",
  "query_distribution": {
    "total_all": {
      "count": 16,
      "mean": 203.375,
      "median": 180.5,
      "std": 99.56585446326467,
      "min": 98.0,
      "q25": 104.75,
      "q75": 314.0,
      "p90": 314.0,
      "p95": 314.0,
      "max": 314.0
    },
    "probe_all": {
      "count": 16,
      "mean": 97.0,
      "median": 97.0,
      "std": 0.0,
      "min": 97.0,
      "q25": 97.0,
      "q75": 97.0,
      "p90": 97.0,
      "p95": 97.0,
      "max": 97.0
    },
    "search_all": {
      "count": 16,
      "mean": 106.375,
      "median": 83.5,
      "std": 99.56585446326467,
      "min": 1.0,
      "q25": 7.75,
      "q75": 217.0,
      "p90": 217.0,
      "p95": 217.0,
      "max": 217.0
    },
    "total_success": {
      "count": 9,
      "mean": 119.33333333333333,
      "median": 107.0,
      "std": 38.06427312965386,
      "min": 98.0,
      "q25": 98.0,
      "q75": 107.0,
      "p90": 156.20000000000002,
      "p95": 188.59999999999997,
      "max": 221.0
    },
    "total_failure": {
      "count": 7,
      "mean": 311.42857142857144,
      "median": 314.0,
      "std": 6.298687910013887,
      "min": 296.0,
      "q25": 314.0,
      "q75": 314.0,
      "p90": 314.0,
      "p95": 314.0,
      "max": 314.0
    },
    "search_success": {
      "count": 9,
      "mean": 22.333333333333332,
      "median": 10.0,
      "std": 38.06427312965386,
      "min": 1.0,
      "q25": 1.0,
      "q75": 10.0,
      "p90": 59.20000000000002,
      "p95": 91.59999999999997,
      "max": 124.0
    },
    "search_failure": {
      "count": 7,
      "mean": 214.42857142857142,
      "median": 217.0,
      "std": 6.2986879100138875,
      "min": 199.0,
      "q25": 217.0,
      "q75": 217.0,
      "p90": 217.0,
      "p95": 217.0,
      "max": 217.0
    }
  },
  "query_budget_curve": [
    {
      "budget": 25,
      "finished_count": 0,
      "finished_rate": 0.0,
      "success_count": 0,
      "success_rate": 0.0,
      "conditional_success_rate": 0.0
    },
    {
      "budget": 40,
      "finished_count": 0,
      "finished_rate": 0.0,
      "success_count": 0,
      "success_rate": 0.0,
      "conditional_success_rate": 0.0
    },
    {
      "budget": 50,
      "finished_count": 0,
      "finished_rate": 0.0,
      "success_count": 0,
      "success_rate": 0.0,
      "conditional_success_rate": 0.0
    },
    {
      "budget": 60,
      "finished_count": 0,
      "finished_rate": 0.0,
      "success_count": 0,
      "success_rate": 0.0,
      "conditional_success_rate": 0.0
    },
    {
      "budget": 75,
      "finished_count": 0,
      "finished_rate": 0.0,
      "success_count": 0,
      "success_rate": 0.0,
      "conditional_success_rate": 0.0
    },
    {
      "budget": 100,
      "finished_count": 4,
      "finished_rate": 25.0,
      "success_count": 4,
      "success_rate": 25.0,
      "conditional_success_rate": 100.0
    },
    {
      "budget": 150,
      "finished_count": 8,
      "finished_rate": 50.0,
      "success_count": 8,
      "success_rate": 50.0,
      "conditional_success_rate": 100.0
    },
    {
      "budget": 200,
      "finished_count": 8,
      "finished_rate": 50.0,
      "success_count": 8,
      "success_rate": 50.0,
      "conditional_success_rate": 100.0
    }
  ],
  "attack_config": {
    "attack_mode": "support_identify_pgzoo",
    "state_seed_mode": "legacy",
    "max_queries_per_sample": 0,
    "region_size": 12,
    "anchor_size": 2,
    "region_candidates": 4,
    "anchor_pool_size": 6,
    "probabilistic_region_prior": false,
    "prior_temperature": 1.0,
    "prior_uniform_mixing": 0.0,
    "hierarchical_probe": false,
    "coarse_probe_directions": 1,
    "fine_probe_topk": 3,
    "initial_probe_region_topk": 0,
    "probe_expand_improvement_ratio": 0.0,
    "region_proposal_mode": "default",
    "proposal_diffusion_steps": 2,
    "proposal_diffusion_alpha": 0.35,
    "proposal_flow_weight": 0.3,
    "proposal_corridor_weight": 0.25,
    "probe_directions": 2,
    "probe_scale_ratio": 0.3,
    "population": 12,
    "rounds": 24,
    "radius_ratio": 1.0,
    "radius_floor": 0.01,
    "step_ratio": 0.4,
    "step_decay": 0.7,
    "patience": 2,
    "min_step_ratio": 0.1,
    "max_step_shrinks": 3,
    "measurement_delta_l2_ratio_cap": 0.2,
    "realism_penalty_weight": 0.0,
    "fdia_preserve_weight": 4.0,
    "fdia_backbone_lock_ratio": 0.15,
    "fdia_state_projection_min": 0.45,
    "fdia_measurement_projection_min": 0.45,
    "fdia_offsupport_max": 0.6,
    "fdia_state_penalty_weight": 1.0,
    "fdia_measurement_penalty_weight": 0.5,
    "fdia_offsupport_penalty_weight": 0.25,
    "region_budget_topk": 1,
    "region_budget_explore_rounds": 0,
    "feedback_loop": false,
    "feedback_round_chunk": 2,
    "feedback_branch_topk": 2,
    "feedback_stagnation_trigger": 2,
    "feedback_probe_gap_abs_threshold": 0.0,
    "feedback_probe_gap_ratio_threshold": 0.0,
    "feedback_keep_probe_best_incumbent": true,
    "feedback_min_state_dim": 0,
    "detector_feedback_region": false,
    "detector_feedback_prior_mix": 0.25,
    "detector_feedback_success_bonus": 0.75,
    "detector_feedback_min_gain": 0.0,
    "feedback_physics_reward_shaping": false,
    "feedback_physics_weight": 0.5,
    "region_budget_score_slack": 0.0,
    "budget_region_max_probe_best_prior": 1.0,
    "budget_region_prior_tiebreak": false,
    "measurement_suppression_strength": 0.0,
    "injection_scale": 0.82,
    "flow_scale": 1.0,
    "leverage_suppression": 0.3,
    "min_channel_scale": 0.6,
    "probe_channel_shaping_only": false,
    "structured_search_directions": false,
    "structured_direction_count": 4,
    "measurement_basis_search": false,
    "measurement_bandit_search": false,
    "state_basis_search": false,
    "state_bandit_search": false,
    "state_subspace_pgzoo": true,
    "state_basis_dim": 12,
    "bandit_direction_samples": 2,
    "bandit_momentum": 0.75,
    "bandit_exploration_ratio": 1.0,
    "bandit_warmup_rounds": 0,
    "pgzoo_probe_pairs": 3,
    "pgzoo_alpha_ratio": 1.0,
    "pgzoo_momentum": 0.8,
    "pgzoo_line_candidates": 2,
    "pgzoo_prior_topology_weight": 0.45,
    "pgzoo_prior_base_weight": 0.35,
    "pgzoo_prior_best_weight": 0.2,
    "pgzoo_structured_covariance": true,
    "pgzoo_physical_preconditioner": true,
    "pgzoo_covariance_gamma": 0.75,
    "pgzoo_covariance_ridge": 0.001,
    "pgzoo_preconditioner_ridge": 0.1,
    "support_pool_size": 48,
    "support_final_size": 12,
    "support_diffusion_lambda": 0.75,
    "support_probe_scale_ratio": 0.6,
    "support_prior_weight": 0.25,
    "support_diversity_penalty": 0.0,
    "support_success_bonus": 1.0,
    "support_keep_base_support": true,
    "measurement_guided_state_refine": false,
    "guided_state_region_size": 0,
    "physical_measurement_gate": false,
    "measurement_gate_ratio": 1.0,
    "measurement_gate_response_weight": 0.6,
    "measurement_gate_effectiveness_weight": 0.4,
    "measurement_conditioned_state_gate": false,
    "state_gate_ratio": 1.0,