{
  "system_id": 14,
  "data_dir": "C:\\Users\\Adam\\Desktop\\DFME\\power system\\dfme_matlab\\FDIA_Dataset_case14",
  "result_dir": "C:\\Users\\Adam\\Desktop\\DFME\\power system\\topo_latent_blackbox\\results\\misc\\misc\\final_case14_full_cap20_case14\\runs\\ieee_case14_final_case14_full_cap20_case14",
  "exp_tag": "final_case14_full_cap20_case14",
  "subset_size": 1717,
  "run_seed": 42,
  "oracle_arch": "resmlp",
  "oracle_checkpoint_path": "",
  "attack_success_rate": 73.15084338188171,
  "avg_queries": 52.03552708211998,
  "avg_search_queries": 39.03552708211998,
  "avg_probe_queries": 13.0,
  "avg_total_oracle_queries": 53.03552708211998,
  "query_cap_reached_ratio": 0.0,
  "topology_mode": "auto",
  "topology_source": "explicit_bus_branch",
  "noise_model": "known",
  "attack_mode": "support_identify_pgzoo",
  "query_mode": "margin",
  "save_level": "summary_only",
  "budget_boundary_push_ratio": 0.0,
  "budget_boundary_search_steps": 0,
  "budget_variant": "minimum_success",
  "query_distribution": {
    "total_all": {
      "count": 1717,
      "mean": 52.03552708211998,
      "median": 46.0,
      "std": 38.7101201617873,
      "min": 14.0,
      "q25": 14.0,
      "q75": 88.0,
      "p90": 112.0,
      "p95": 112.0,
      "max": 112.0
    },
    "probe_all": {
      "count": 1717,
      "mean": 13.0,
      "median": 13.0,
      "std": 0.0,
      "min": 13.0,
      "q25": 13.0,
      "q75": 13.0,
      "p90": 13.0,
      "p95": 13.0,
      "max": 13.0
    },
    "search_all": {
      "count": 1717,
      "mean": 39.03552708211998,
      "median": 33.0,
      "std": 38.7101201617873,
      "min": 1.0,
      "q25": 1.0,
      "q75": 75.0,
      "p90": 99.0,
      "p95": 99.0,
      "max": 99.0
    },
    "total_success": {
      "count": 1256,
      "mean": 34.12261146496815,
      "median": 14.0,
      "std": 27.682732750639172,
      "min": 14.0,
      "q25": 14.0,
      "q75": 56.0,
      "p90": 77.0,
      "p95": 91.0,
      "max": 112.0
    },
    "total_failure": {
      "count": 461,
      "mean": 100.83947939262472,
      "median": 112.0,
      "std": 15.399673312241482,
      "min": 70.0,
      "q25": 91.0,
      "q75": 112.0,
      "p90": 112.0,
      "p95": 112.0,
      "max": 112.0
    },
    "search_success": {
      "count": 1256,
      "mean": 21.122611464968152,
      "median": 1.0,
      "std": 27.682732750639172,
      "min": 1.0,
      "q25": 1.0,
      "q75": 43.0,
      "p90": 64.0,
      "p95": 78.0,
      "max": 99.0
    },
    "search_failure": {
      "count": 461,
      "mean": 87.83947939262472,
      "median": 99.0,
      "std": 15.399673312241482,
      "min": 57.0,
      "q25": 78.0,
      "q75": 99.0,
      "p90": 99.0,
      "p95": 99.0,
      "max": 99.0
    }
  },
  "query_budget_curve": [
    {
      "budget": 25,
      "finished_count": 758,
      "finished_rate": 44.146767617938266,
      "success_count": 758,
      "success_rate": 44.146767617938266,
      "conditional_success_rate": 100.0
    },
    {
      "budget": 40,
      "finished_count": 829,
      "finished_rate": 48.281887012230634,
      "success_count": 829,
      "success_rate": 48.281887012230634,
      "conditional_success_rate": 100.0
    },
    {
      "budget": 50,
      "finished_count": 916,
      "finished_rate": 53.34886429819453,
      "success_count": 916,
      "success_rate": 53.34886429819453,
      "conditional_success_rate": 100.0
    },
    {
      "budget": 60,
      "finished_count": 992,
      "finished_rate": 57.77518928363425,
      "success_count": 992,
      "success_rate": 57.77518928363425,
      "conditional_success_rate": 100.0
    },
    {
      "budget": 75,
      "finished_count": 1164,
      "finished_rate": 67.79266161910309,
      "success_count": 1113,
      "success_rate": 64.82236458940011,
      "conditional_success_rate": 95.61855670103093
    },
    {
      "budget": 100,
      "finished_count": 1388,
      "finished_rate": 80.83867210250436,
      "success_count": 1220,
      "success_rate": 71.05416423995341,
      "conditional_success_rate": 87.89625360230548
    },
    {
      "budget": 150,
      "finished_count": 1717,
      "finished_rate": 100.0,
      "success_count": 1256,
      "success_rate": 73.15084449621433,
      "conditional_success_rate": 73.15084449621433
    },
    {
      "budget": 200,
      "finished_count": 1717,
      "finished_rate": 100.0,
      "success_count": 1256,
      "success_rate": 73.15084449621433,
      "conditional_success_rate": 73.15084449621433
    }
  ],
  "attack_config": {
    "attack_mode": "support_identify_pgzoo",
    "state_seed_mode": "legacy",
    "max_queries_per_sample": 0,
    "region_size": 6,
    "anchor_size": 2,
    "region_candidates": 4,
    "anchor_pool_size": 6,
    "probabilistic_region_prior": false,
    "prior_temperature": 1.0,
    "prior_uniform_mixing": 0.0,
    "hierarchical_probe": false,
    "coarse_probe_directions": 1,
    "fine_probe_topk": 3,
    "initial_probe_region_topk": 0,
    "probe_expand_improvement_ratio": 0.0,
    "region_proposal_mode": "default",
    "proposal_diffusion_steps": 2,
    "proposal_diffusion_alpha": 0.35,
    "proposal_flow_weight": 0.3,
    "proposal_corridor_weight": 0.25,
    "probe_directions": 2,
    "probe_scale_ratio": 0.3,
    "population": 12,
    "rounds": 14,
    "radius_ratio": 1.0,
    "radius_floor": 0.01,
    "step_ratio": 0.4,
    "step_decay": 0.7,
    "patience": 2,
    "min_step_ratio": 0.1,
    "max_step_shrinks": 3,
    "measurement_delta_l2_ratio_cap": 0.2,
    "realism_penalty_weight": 0.0,
    "fdia_preserve_weight": 4.0,
    "fdia_backbone_lock_ratio": 0.15,
    "fdia_state_projection_min": 0.45,
    "fdia_measurement_projection_min": 0.45,
    "fdia_offsupport_max": 0.6,
    "fdia_state_penalty_weight": 1.0,
    "fdia_measurement_penalty_weight": 0.5,
    "fdia_offsupport_penalty_weight": 0.25,
    "region_budget_topk": 1,
    "region_budget_explore_rounds": 0,
    "feedback_loop": false,
    "feedback_round_chunk": 2,
    "feedback_branch_topk": 2,
    "feedback_stagnation_trigger": 2,
    "feedback_probe_gap_abs_threshold": 0.0,
    "feedback_probe_gap_ratio_threshold": 0.0,
    "feedback_keep_probe_best_incumbent": true,
    "feedback_min_state_dim": 0,
    "detector_feedback_region": false,
    "detector_feedback_prior_mix": 0.25,
    "detector_feedback_success_bonus": 0.75,
    "detector_feedback_min_gain": 0.0,
    "feedback_physics_reward_shaping": false,
    "feedback_physics_weight": 0.5,
    "region_budget_score_slack": 0.0,
    "budget_region_max_probe_best_prior": 1.0,
    "budget_region_prior_tiebreak": false,
    "measurement_suppression_strength": 0.0,
    "injection_scale": 0.82,
    "flow_scale": 1.0,
    "leverage_suppression": 0.3,
    "min_channel_scale": 0.6,
    "probe_channel_shaping_only": false,
    "structured_search_directions": false,
    "structured_direction_count": 4,
    "measurement_basis_search": false,
    "measurement_bandit_search": false,
    "state_basis_search": false,
    "state_bandit_search": false,
    "state_subspace_pgzoo": true,
    "state_basis_dim": 4,
    "bandit_direction_samples": 2,
    "bandit_momentum": 0.75,
    "bandit_exploration_ratio": 1.0,
    "bandit_warmup_rounds": 0,
    "pgzoo_probe_pairs": 2,
    "pgzoo_alpha_ratio": 1.0,
    "pgzoo_momentum": 0.8,
    "pgzoo_line_candidates": 2,
    "pgzoo_query_prior_weight": 0.35,
    "pgzoo_prior_topology_weight": 0.45,
    "pgzoo_prior_base_weight": 0.35,
    "pgzoo_prior_best_weight": 0.2,
    "pgzoo_structured_covariance": true,
    "pgzoo_physical_preconditioner": true,
    "pgzoo_covariance_gamma": 0.75,
    "pgzoo_covariance_ridge": 0.001,
    "pgzoo_preconditioner_ridge": 0.1,
    "support_pool_size": 6,
    "support_final_size": 6,
    "support_diffusion_lambda": 0.75,
    "support_probe_scale_ratio": 0.6,
    "support_prior_weight": 0.25,
    "support_diversity_penalty": 0.0,
    "support_success_bonus": 1.0,
    "support_keep_base_support": true,