scope,count,mean,median,std,min,q25,q75,p90,p95,max
total_all,1717,52.03552708211998,46.0,38.7101201617873,14.0,14.0,88.0,112.0,112.0,112.0
probe_all,1717,13.0,13.0,0.0,13.0,13.0,13.0,13.0,13.0,13.0
search_all,1717,39.03552708211998,33.0,38.7101201617873,1.0,1.0,75.0,99.0,99.0,99.0
total_success,1256,34.12261146496815,14.0,27.682732750639172,14.0,14.0,56.0,77.0,91.0,112.0
total_failure,461,100.83947939262472,112.0,15.399673312241482,70.0,91.0,112.0,112.0,112.0,112.0
search_success,1256,21.122611464968152,1.0,27.682732750639172,1.0,1.0,43.0,64.0,78.0,99.0
search_failure,461,87.83947939262472,99.0,15.399673312241482,57.0,78.0,99.0,99.0,99.0,99.0
