{
  "system_id": 14,
  "data_dir": "C:\\Users\\Adam\\Desktop\\DFME\\power system\\dfme_matlab\\FDIA_Dataset_case14",
  "result_dir": "C:\\Users\\Adam\\Desktop\\DFME\\power system\\topo_latent_blackbox\\results\\misc\\misc\\final_case14_full_s2_cap20_case14\\runs\\ieee_case14_final_case14_full_s2_cap20_case14",
  "exp_tag": "final_case14_full_s2_cap20_case14",
  "subset_size": 1717,
  "run_seed": 42,
  "oracle_arch": "resmlp",
  "oracle_checkpoint_path": "",
  "attack_success_rate": 71.1124062538147,
  "avg_queries": 37.098427489807804,
  "avg_search_queries": 24.098427489807804,
  "avg_probe_queries": 13.0,
  "avg_total_oracle_queries": 38.098427489807804,
  "query_cap_reached_ratio": 0.0,
  "topology_mode": "auto",
  "topology_source": "explicit_bus_branch",
  "noise_model": "known",
  "attack_mode": "support_identify_pgzoo",
  "query_mode": "margin",
  "save_level": "summary_only",
  "budget_boundary_push_ratio": 0.0,
  "budget_boundary_search_steps": 0,
  "budget_variant": "minimum_success",
  "query_distribution": {
    "total_all": {
      "count": 1717,
      "mean": 37.098427489807804,
      "median": 29.0,
      "std": 24.041150483536587,
      "min": 14.0,
      "q25": 14.0,
      "q75": 59.0,
      "p90": 74.0,
      "p95": 74.0,
      "max": 74.0
    },
    "probe_all": {
      "count": 1717,
      "mean": 13.0,
      "median": 13.0,
      "std": 0.0,
      "min": 13.0,
      "q25": 13.0,
      "q75": 13.0,
      "p90": 13.0,
      "p95": 13.0,
      "max": 13.0
    },
    "search_all": {
      "count": 1717,
      "mean": 24.098427489807804,
      "median": 16.0,
      "std": 24.041150483536587,
      "min": 1.0,
      "q25": 1.0,
      "q75": 46.0,
      "p90": 61.0,
      "p95": 61.0,
      "max": 61.0
    },
    "total_success": {
      "count": 1221,
      "mean": 24.683865683865683,
      "median": 14.0,
      "std": 15.84951685072091,
      "min": 14.0,
      "q25": 14.0,
      "q75": 34.0,
      "p90": 51.0,
      "p95": 59.0,
      "max": 74.0
    },
    "total_failure": {
      "count": 496,
      "mean": 67.65927419354838,
      "median": 74.0,
      "std": 8.30776664152159,
      "min": 54.0,
      "q25": 59.0,
      "q75": 74.0,
      "p90": 74.0,
      "p95": 74.0,
      "max": 74.0
    },
    "search_success": {
      "count": 1221,
      "mean": 11.683865683865683,
      "median": 1.0,
      "std": 15.84951685072091,
      "min": 1.0,
      "q25": 1.0,
      "q75": 21.0,
      "p90": 38.0,
      "p95": 46.0,
      "max": 61.0
    },
    "search_failure": {
      "count": 496,
      "mean": 54.659274193548384,
      "median": 61.0,
      "std": 8.30776664152159,
      "min": 41.0,
      "q25": 46.0,
      "q75": 61.0,
      "p90": 61.0,
      "p95": 61.0,
      "max": 61.0
    }
  },
  "query_budget_curve": [
    {
      "budget": 25,
      "finished_count": 815,
      "finished_rate": 47.46651135701806,
      "success_count": 815,
      "success_rate": 47.46651135701806,
      "conditional_success_rate": 100.0
    },
    {
      "budget": 40,
      "finished_count": 987,
      "finished_rate": 57.483983692486895,
      "success_count": 987,
      "success_rate": 57.483983692486895,
      "conditional_success_rate": 100.0
    },
    {
      "budget": 50,
      "finished_count": 1097,
      "finished_rate": 63.8905066977286,
      "success_count": 1097,
      "success_rate": 63.8905066977286,
      "conditional_success_rate": 100.0
    },
    {
      "budget": 60,
      "finished_count": 1309,
      "finished_rate": 76.23762376237623,
      "success_count": 1173,
      "success_rate": 68.31683168316832,
      "conditional_success_rate": 89.6103896103896
    },
    {
      "budget": 75,
      "finished_count": 1717,
      "finished_rate": 100.0,
      "success_count": 1221,
      "success_rate": 71.11240535818288,
      "conditional_success_rate": 71.11240535818288
    },
    {
      "budget": 100,
      "finished_count": 1717,
      "finished_rate": 100.0,
      "success_count": 1221,
      "success_rate": 71.11240535818288,
      "conditional_success_rate": 71.11240535818288
    },
    {
      "budget": 150,
      "finished_count": 1717,
      "finished_rate": 100.0,
      "success_count": 1221,
      "success_rate": 71.11240535818288,
      "conditional_success_rate": 71.11240535818288
    },
    {
      "budget": 200,
      "finished_count": 1717,
      "finished_rate": 100.0,
      "success_count": 1221,
      "success_rate": 71.11240535818288,
      "conditional_success_rate": 71.11240535818288
    }
  ],
  "attack_config": {
    "attack_mode": "support_identify_pgzoo",
    "state_seed_mode": "legacy",
    "max_queries_per_sample": 0,
    "region_size": 2,
    "anchor_size": 2,
    "region_candidates": 4,
    "anchor_pool_size": 6,
    "probabilistic_region_prior": false,
    "prior_temperature": 1.0,
    "prior_uniform_mixing": 0.0,
    "hierarchical_probe": false,
    "coarse_probe_directions": 1,
    "fine_probe_topk": 3,
    "initial_probe_region_topk": 0,
    "probe_expand_improvement_ratio": 0.0,
    "region_proposal_mode": "default",
    "proposal_diffusion_steps": 2,
    "proposal_diffusion_alpha": 0.35,
    "proposal_flow_weight": 0.3,
    "proposal_corridor_weight": 0.25,
    "probe_directions": 2,
    "probe_scale_ratio": 0.3,
    "population": 12,
    "rounds": 12,
    "radius_ratio": 1.0,
    "radius_floor": 0.01,
    "step_ratio": 0.4,
    "step_decay": 0.7,
    "patience": 2,
    "min_step_ratio": 0.1,
    "max_step_shrinks": 3,
    "measurement_delta_l2_ratio_cap": 0.2,
    "realism_penalty_weight": 0.0,
    "fdia_preserve_weight": 4.0,
    "fdia_backbone_lock_ratio": 0.15,
    "fdia_state_projection_min": 0.45,
    "fdia_measurement_projection_min": 0.45,
    "fdia_offsupport_max": 0.6,
    "fdia_state_penalty_weight": 1.0,
    "fdia_measurement_penalty_weight": 0.5,
    "fdia_offsupport_penalty_weight": 0.25,
    "region_budget_topk": 1,
    "region_budget_explore_rounds": 0,
    "feedback_loop": false,
    "feedback_round_chunk": 2,
    "feedback_branch_topk": 2,
    "feedback_stagnation_trigger": 2,
    "feedback_probe_gap_abs_threshold": 0.0,
    "feedback_probe_gap_ratio_threshold": 0.0,
    "feedback_keep_probe_best_incumbent": true,
    "feedback_min_state_dim": 0,
    "detector_feedback_region": false,
    "detector_feedback_prior_mix": 0.25,
    "detector_feedback_success_bonus": 0.75,
    "detector_feedback_min_gain": 0.0,
    "feedback_physics_reward_shaping": false,
    "feedback_physics_weight": 0.5,
    "region_budget_score_slack": 0.0,
    "budget_region_max_probe_best_prior": 1.0,
    "budget_region_prior_tiebreak": false,
    "measurement_suppression_strength": 0.0,
    "injection_scale": 0.82,
    "flow_scale": 1.0,
    "leverage_suppression": 0.3,
    "min_channel_scale": 0.6,
    "probe_channel_shaping_only": false,
    "structured_search_directions": false,
    "structured_direction_count": 4,
    "measurement_basis_search": false,
    "measurement_bandit_search": false,
    "state_basis_search": false,
    "state_bandit_search": false,
    "state_subspace_pgzoo": true,
    "state_basis_dim": 2,
    "bandit_direction_samples": 2,
    "bandit_momentum": 0.75,
    "bandit_exploration_ratio": 1.0,
    "bandit_warmup_rounds": 0,
    "pgzoo_probe_pairs": 1,
    "pgzoo_alpha_ratio": 1.0,
    "pgzoo_momentum": 0.8,
    "pgzoo_line_candidates": 2,
    "pgzoo_query_prior_weight": 0.35,
    "pgzoo_prior_topology_weight": 0.45,
    "pgzoo_prior_base_weight": 0.35,
    "pgzoo_prior_best_weight": 0.2,
    "pgzoo_structured_covariance": true,
    "pgzoo_physical_preconditioner": true,
    "pgzoo_covariance_gamma": 0.75,
    "pgzoo_covariance_ridge": 0.001,
    "pgzoo_preconditioner_ridge": 0.1,
    "support_pool_size": 6,
    "support_final_size": 2,
    "support_diffusion_lambda": 0.75,
    "support_probe_scale_ratio": 0.6,
    "support_prior_weight": 0.25,
    "support_diversity_penalty": 0.0,
    "support_success_bonus": 1.0,
    "support_keep_base_support": true,