{
  "system_id": 14,
  "data_dir": "C:\\Users\\Adam\\Desktop\\DFME\\power system\\dfme_matlab\\FDIA_Dataset_case14",
  "result_dir": "C:\\Users\\Adam\\Desktop\\DFME\\power system\\topo_latent_blackbox\\results\\misc\\misc\\rerun_noR_mainline_20260330\\runs\\ieee_case14_rerun_noR_mainline_20260330",
  "exp_tag": "rerun_noR_mainline_20260330",
  "subset_size": 1717,
  "run_seed": 42,
  "oracle_arch": "resmlp",
  "oracle_checkpoint_path": "",
  "attack_success_rate": 98.07804226875305,
  "avg_queries": 13.760629004076879,
  "avg_search_queries": 11.760629004076879,
  "avg_probe_queries": 2.0,
  "avg_total_oracle_queries": 14.760629004076879,
  "query_cap_reached_ratio": 0.0,
  "topology_mode": "auto",
  "topology_source": "explicit_bus_branch",
  "noise_model": "unknown",
  "attack_mode": "region_search",
  "query_mode": "margin",
  "save_level": "summary_only",
  "budget_boundary_push_ratio": 0.0,
  "budget_boundary_search_steps": 0,
  "budget_variant": "minimum_success",
  "query_distribution": {
    "total_all": {
      "count": 1717,
      "mean": 13.760629004076879,
      "median": 11.0,
      "std": 12.626681739150746,
      "min": 3.0,
      "q25": 3.0,
      "q75": 19.0,
      "p90": 31.0,
      "p95": 39.79999999999927,
      "max": 99.0
    },
    "probe_all": {
      "count": 1717,
      "mean": 2.0,
      "median": 2.0,
      "std": 0.0,
      "min": 2.0,
      "q25": 2.0,
      "q75": 2.0,
      "p90": 2.0,
      "p95": 2.0,
      "max": 2.0
    },
    "search_all": {
      "count": 1717,
      "mean": 11.760629004076879,
      "median": 9.0,
      "std": 12.626681739150746,
      "min": 1.0,
      "q25": 1.0,
      "q75": 17.0,
      "p90": 29.0,
      "p95": 37.79999999999927,
      "max": 97.0
    },
    "total_success": {
      "count": 1684,
      "mean": 12.91686460807601,
      "median": 11.0,
      "std": 11.09333007338468,
      "min": 3.0,
      "q25": 3.0,
      "q75": 19.0,
      "p90": 27.0,
      "p95": 35.0,
      "max": 71.0
    },
    "total_failure": {
      "count": 33,
      "mean": 56.81818181818182,
      "median": 51.0,
      "std": 11.188344978632072,
      "min": 51.0,
      "q25": 51.0,
      "q75": 59.0,
      "p90": 73.4,
      "p95": 78.19999999999999,
      "max": 99.0
    },
    "search_success": {
      "count": 1684,
      "mean": 10.91686460807601,
      "median": 9.0,
      "std": 11.09333007338468,
      "min": 1.0,
      "q25": 1.0,
      "q75": 17.0,
      "p90": 25.0,
      "p95": 33.0,
      "max": 69.0
    },
    "search_failure": {
      "count": 33,
      "mean": 54.81818181818182,
      "median": 49.0,
      "std": 11.188344978632072,
      "min": 49.0,
      "q25": 49.0,
      "q75": 57.0,
      "p90": 71.4,
      "p95": 76.19999999999999,
      "max": 97.0
    }
  },
  "query_budget_curve": [
    {
      "budget": 25,
      "finished_count": 1506,
      "finished_rate": 87.71112405358183,
      "success_count": 1506,
      "success_rate": 87.71112405358183,
      "conditional_success_rate": 100.0
    },
    {
      "budget": 40,
      "finished_count": 1631,
      "finished_rate": 94.99126383226557,
      "success_count": 1631,
      "success_rate": 94.99126383226557,
      "conditional_success_rate": 100.0
    },
    {
      "budget": 50,
      "finished_count": 1660,
      "finished_rate": 96.6802562609202,
      "success_count": 1660,
      "success_rate": 96.6802562609202,
      "conditional_success_rate": 100.0
    },
    {
      "budget": 60,
      "finished_count": 1700,
      "finished_rate": 99.00990099009901,
      "success_count": 1673,
      "success_rate": 97.43739079790332,
      "conditional_success_rate": 98.41176470588235
    },
    {
      "budget": 75,
      "finished_count": 1715,
      "finished_rate": 99.88351776354106,
      "success_count": 1684,
      "success_rate": 98.07804309842749,
      "conditional_success_rate": 98.19241982507289
    },
    {
      "budget": 100,
      "finished_count": 1717,
      "finished_rate": 100.0,
      "success_count": 1684,
      "success_rate": 98.07804309842749,
      "conditional_success_rate": 98.07804309842749
    },
    {
      "budget": 150,
      "finished_count": 1717,
      "finished_rate": 100.0,
      "success_count": 1684,
      "success_rate": 98.07804309842749,
      "conditional_success_rate": 98.07804309842749
    },
    {
      "budget": 200,
      "finished_count": 1717,
      "finished_rate": 100.0,
      "success_count": 1684,
      "success_rate": 98.07804309842749,
      "conditional_success_rate": 98.07804309842749
    }
  ],
  "attack_config": {
    "attack_mode": "region_search",
    "state_seed_mode": "legacy",
    "max_queries_per_sample": 0,
    "region_size": 2,
    "anchor_size": 2,
    "region_candidates": 1,
    "anchor_pool_size": 8,
    "probabilistic_region_prior": false,
    "prior_temperature": 1.0,
    "prior_uniform_mixing": 0.0,
    "hierarchical_probe": false,
    "coarse_probe_directions": 1,
    "fine_probe_topk": 3,
    "initial_probe_region_topk": 0,
    "probe_expand_improvement_ratio": 0.0,
    "region_proposal_mode": "default",
    "proposal_diffusion_steps": 2,
    "proposal_diffusion_alpha": 0.35,
    "proposal_flow_weight": 0.3,
    "proposal_corridor_weight": 0.25,
    "probe_directions": 1,
    "probe_scale_ratio": 0.35,
    "population": 4,
    "rounds": 24,
    "radius_ratio": 1.0,
    "radius_floor": 0.01,
    "step_ratio": 0.5,
    "step_decay": 0.7,
    "patience": 3,
    "min_step_ratio": 0.08,
    "max_step_shrinks": 4,
    "measurement_delta_l2_ratio_cap": 0.0,
    "realism_penalty_weight": 0.0,
    "fdia_preserve_weight": 0.0,
    "fdia_backbone_lock_ratio": 0.0,
    "fdia_state_projection_min": 0.7,
    "fdia_measurement_projection_min": 0.7,
    "fdia_offsupport_max": 0.35,
    "fdia_state_penalty_weight": 0.45,
    "fdia_measurement_penalty_weight": 0.35,
    "fdia_offsupport_penalty_weight": 0.2,
    "region_budget_topk": 1,
    "region_budget_explore_rounds": 0,
    "feedback_loop": false,
    "feedback_round_chunk": 2,
    "feedback_branch_topk": 2,
    "feedback_stagnation_trigger": 2,
    "feedback_probe_gap_abs_threshold": 0.0,
    "feedback_probe_gap_ratio_threshold": 0.0,
    "feedback_keep_probe_best_incumbent": true,
    "feedback_min_state_dim": 0,
    "detector_feedback_region": false,
    "detector_feedback_prior_mix": 0.25,
    "detector_feedback_success_bonus": 0.75,
    "detector_feedback_min_gain": 0.0,
    "feedback_physics_reward_shaping": false,
    "feedback_physics_weight": 0.5,
    "region_budget_score_slack": 0.0,
    "budget_region_max_probe_best_prior": 1.0,
    "budget_region_prior_tiebreak": false,
    "measurement_suppression_strength": 0.35,
    "injection_scale": 0.9,
    "flow_scale": 1.0,
    "leverage_suppression": 0.15,
    "min_channel_scale": 0.72,
    "probe_channel_shaping_only": true,
    "structured_search_directions": false,
    "structured_direction_count": 4,
    "measurement_basis_search": false,
    "measurement_bandit_search": false,
    "state_basis_search": false,
    "state_bandit_search": false,
    "state_subspace_pgzoo": true,
    "state_basis_dim": 4,
    "bandit_direction_samples": 2,
    "bandit_momentum": 0.75,
    "bandit_exploration_ratio": 1.0,
    "bandit_warmup_rounds": 0,
    "pgzoo_probe_pairs": 2,
    "pgzoo_alpha_ratio": 1.0,
    "pgzoo_momentum": 0.8,
    "pgzoo_line_candidates": 3,
    "pgzoo_query_prior_weight": 0.35,
    "pgzoo_prior_topology_weight": 0.45,
    "pgzoo_prior_base_weight": 0.35,
    "pgzoo_prior_best_weight": 0.2,
    "pgzoo_structured_covariance": true,
    "pgzoo_physical_preconditioner": true,
    "pgzoo_covariance_gamma": 0.6,
    "pgzoo_covariance_ridge": 0.001,
    "pgzoo_preconditioner_ridge": 0.08,
    "support_pool_size": 0,
    "support_final_size": 0,
    "support_diffusion_lambda": 0.75,
    "support_probe_scale_ratio": 0.3,
    "support_prior_weight": 0.25,
    "support_diversity_penalty": 0.15,
    "support_success_bonus": 1.0,
    "support_keep_base_support": true,