{
  "system_id": 118,
  "data_dir": "C:\\Users\\Adam\\Desktop\\DFME\\power system\\dfme_matlab\\FDIA_Dataset_case118",
  "subset_size": 256,
  "run_seed": 42,
  "oracle_arch": "resmlp",
  "oracle_checkpoint_path": "",
  "attack_success_rate": 64.0625,
  "avg_queries": 128.859375,
  "avg_search_queries": 126.859375,
  "avg_probe_queries": 2.0,
  "avg_total_oracle_queries": 129.859375,
  "query_cap_reached_ratio": 0.0,
  "topology_mode": "auto",
  "topology_source": "explicit_bus_branch",
  "noise_model": "known",
  "attack_mode": "single_active_region_search",
  "query_mode": "margin",
  "save_level": "summary_only",
  "query_distribution": {
    "total_all": {
      "count": 256,
      "mean": 128.859375,
      "median": 99.0,
      "std": 98.64699805168617,
      "min": 3.0,
      "q25": 27.0,
      "q75": 243.0,
      "p90": 243.0,
      "p95": 243.0,
      "max": 243.0
    },
    "probe_all": {
      "count": 256,
      "mean": 2.0,
      "median": 2.0,
      "std": 0.0,
      "min": 2.0,
      "q25": 2.0,
      "q75": 2.0,
      "p90": 2.0,
      "p95": 2.0,
      "max": 2.0
    },
    "search_all": {
      "count": 256,
      "mean": 126.859375,
      "median": 97.0,
      "std": 98.64699805168617,
      "min": 1.0,
      "q25": 25.0,
      "q75": 241.0,
      "p90": 241.0,
      "p95": 241.0,
      "max": 241.0
    },
    "total_success": {
      "count": 164,
      "mean": 65.34146341463415,
      "median": 39.0,
      "std": 62.759164040235184,
      "min": 3.0,
      "q25": 15.0,
      "q75": 87.0,
      "p90": 171.0,
      "p95": 195.0,
      "max": 243.0
    },
    "total_failure": {
      "count": 92,
      "mean": 242.08695652173913,
      "median": 243.0,
      "std": 6.6751521296994705,
      "min": 183.0,
      "q25": 243.0,
      "q75": 243.0,
      "p90": 243.0,
      "p95": 243.0,
      "max": 243.0
    },
    "search_success": {
      "count": 164,
      "mean": 63.34146341463415,
      "median": 37.0,
      "std": 62.759164040235184,
      "min": 1.0,
      "q25": 13.0,
      "q75": 85.0,
      "p90": 169.0,
      "p95": 193.0,
      "max": 241.0
    },
    "search_failure": {
      "count": 92,
      "mean": 240.08695652173913,
      "median": 241.0,
      "std": 6.6751521296994705,
      "min": 181.0,
      "q25": 241.0,
      "q75": 241.0,
      "p90": 241.0,
      "p95": 241.0,
      "max": 241.0
    }
  },
  "query_budget_curve": [
    {
      "budget": 25,
      "finished_count": 47,
      "finished_rate": 18.359375,
      "success_count": 47,
      "success_rate": 18.359375,
      "conditional_success_rate": 100.0
    },
    {
      "budget": 40,
      "finished_count": 83,
      "finished_rate": 32.421875,
      "success_count": 83,
      "success_rate": 32.421875,
      "conditional_success_rate": 100.0
    },
    {
      "budget": 50,
      "finished_count": 83,
      "finished_rate": 32.421875,
      "success_count": 83,
      "success_rate": 32.421875,
      "conditional_success_rate": 100.0
    },
    {
      "budget": 60,
      "finished_count": 95,
      "finished_rate": 37.109375,
      "success_count": 95,
      "success_rate": 37.109375,
      "conditional_success_rate": 100.0
    },
    {
      "budget": 75,
      "finished_count": 112,
      "finished_rate": 43.75,
      "success_count": 112,
      "success_rate": 43.75,
      "conditional_success_rate": 100.0
    },
    {
      "budget": 100,
      "finished_count": 132,
      "finished_rate": 51.5625,
      "success_count": 132,
      "success_rate": 51.5625,
      "conditional_success_rate": 100.0
    },
    {
      "budget": 150,
      "finished_count": 140,
      "finished_rate": 54.6875,
      "success_count": 140,
      "success_rate": 54.6875,
      "conditional_success_rate": 100.0
    },
    {
      "budget": 200,
      "finished_count": 158,
      "finished_rate": 61.71875,
      "success_count": 157,
      "success_rate": 61.328125,
      "conditional_success_rate": 99.36708860759494
    }
  ],
  "attack_config": {
    "attack_mode": "single_active_region_search",
    "state_seed_mode": "legacy",
    "max_queries_per_sample": 0,
    "region_size": 117,
    "anchor_size": 3,
    "region_candidates": 1,
    "anchor_pool_size": 3,
    "probabilistic_region_prior": false,
    "prior_temperature": 1.0,
    "prior_uniform_mixing": 0.0,
    "hierarchical_probe": false,
    "coarse_probe_directions": 1,
    "fine_probe_topk": 3,
    "initial_probe_region_topk": 0,
    "probe_expand_improvement_ratio": 0.0,
    "region_proposal_mode": "default",
    "proposal_diffusion_steps": 2,
    "proposal_diffusion_alpha": 0.35,
    "proposal_flow_weight": 0.3,
    "proposal_corridor_weight": 0.25,
    "probe_directions": 1,
    "probe_scale_ratio": 0.25,
    "population": 12,
    "rounds": 40,
    "radius_ratio": 1.0,
    "radius_floor": 0.01,
    "step_ratio": 0.35,
    "step_decay": 0.7,
    "patience": 3,
    "min_step_ratio": 0.08,
    "max_step_shrinks": 4,
    "measurement_delta_l2_ratio_cap": 0.4,
    "realism_penalty_weight": 0.0,
    "fdia_preserve_weight": 4.0,
    "fdia_backbone_lock_ratio": 0.2,
    "fdia_state_projection_min": 0.45,
    "fdia_measurement_projection_min": 0.45,
    "fdia_offsupport_max": 0.6,
    "fdia_state_penalty_weight": 0.45,
    "fdia_measurement_penalty_weight": 0.35,
    "fdia_offsupport_penalty_weight": 0.2,
    "region_budget_topk": 1,
    "region_budget_explore_rounds": 0,
    "feedback_loop": false,
    "feedback_round_chunk": 2,
    "feedback_branch_topk": 2,
    "feedback_stagnation_trigger": 2,
    "feedback_probe_gap_abs_threshold": 0.0,
    "feedback_probe_gap_ratio_threshold": 0.0,
    "feedback_keep_probe_best_incumbent": true,
    "feedback_min_state_dim": 0,
    "detector_feedback_region": false,
    "detector_feedback_prior_mix": 0.25,
    "detector_feedback_success_bonus": 0.75,
    "detector_feedback_min_gain": 0.0,
    "feedback_physics_reward_shaping": false,
    "feedback_physics_weight": 0.5,
    "region_budget_score_slack": 0.0,
    "budget_region_max_probe_best_prior": 1.0,
    "budget_region_prior_tiebreak": false,
    "measurement_suppression_strength": 0.0,
    "injection_scale": 0.82,
    "flow_scale": 1.0,
    "leverage_suppression": 0.3,
    "min_channel_scale": 0.6,
    "probe_channel_shaping_only": false,
    "structured_search_directions": false,
    "structured_direction_count": 4,
    "measurement_basis_search": false,
    "measurement_bandit_search": false,
    "state_basis_search": false,
    "state_bandit_search": false,
    "state_subspace_pgzoo": true,
    "state_basis_dim": 20,
    "bandit_direction_samples": 2,
    "bandit_momentum": 0.75,
    "bandit_exploration_ratio": 1.0,
    "bandit_warmup_rounds": 0,
    "pgzoo_probe_pairs": 4,
    "pgzoo_alpha_ratio": 1.0,
    "pgzoo_momentum": 0.8,
    "pgzoo_line_candidates": 3,
    "pgzoo_prior_topology_weight": 0.45,
    "pgzoo_prior_base_weight": 0.35,
    "pgzoo_prior_best_weight": 0.2,
    "pgzoo_structured_covariance": true,
    "pgzoo_physical_preconditioner": true,
    "pgzoo_covariance_gamma": 0.75,
    "pgzoo_covariance_ridge": 0.001,
    "pgzoo_preconditioner_ridge": 0.1,
    "measurement_guided_state_refine": false,
    "guided_state_region_size": 0,
    "physical_measurement_gate": false,
    "measurement_gate_ratio": 1.0,
    "measurement_gate_response_weight": 0.6,
    "measurement_gate_effectiveness_weight": 0.4,
    "measurement_conditioned_state_gate": false,
    "state_gate_ratio": 1.0,
    "state_gate_escape_candidates": 0,
    "adaptive_query_budget": true,
    "easy_probe_improvement_ratio": 0.08,
    "easy_population": 6,
    "easy_rounds": 6,
    "single_active_size": 64,
    "active_set_sizes": "",
    "layered_stage_rounds": 0,
    "layered_final_rounds": 0,
    "multisource_physical_prior": false,
    "physics_query_allocation": false,
    "physics_query_topk": 1,
    "physics_query_priority_weight": 0.35,
    "adaptive_challenger_budget": false,
    "challenger_population_ratio": 0.5,
    "challenger_rounds": 2,