scope,count,mean,median,std,min,q25,q75,p90,p95,max
total_all,32,36.09375,22.5,23.722825736777228,14.0,14.0,54.0,73.50000000000001,74.0,74.0
probe_all,32,13.0,13.0,0.0,13.0,13.0,13.0,13.0,13.0,13.0
search_all,32,23.09375,9.5,23.722825736777228,1.0,1.0,41.0,60.500000000000014,61.0,61.0
total_success,21,21.476190476190474,14.0,13.81034480318165,14.0,14.0,16.0,49.0,49.0,54.0
total_failure,11,64.0,69.0,9.293203772845851,54.0,54.0,74.0,74.0,74.0,74.0
search_success,21,8.476190476190476,1.0,13.810344803181652,1.0,1.0,3.0,36.0,36.0,41.0
search_failure,11,51.0,56.0,9.293203772845851,41.0,41.0,61.0,61.0,61.0,61.0
