{
  "system_id": 118,
  "data_dir": "C:\\Users\\Adam\\Desktop\\DFME\\power system\\dfme_matlab\\FDIA_Dataset_case118",
  "result_dir": "C:\\Users\\Adam\\Desktop\\DFME\\power system\\topo_latent_blackbox\\results\\misc\\misc\\smoke_cap_15_20260330\\runs\\ieee_case118_smoke_cap_15_20260330",
  "exp_tag": "smoke_cap_15_20260330",
  "subset_size": 64,
  "run_seed": 42,
  "oracle_arch": "resmlp",
  "oracle_checkpoint_path": "",
  "attack_success_rate": 65.625,
  "avg_queries": 114.5625,
  "avg_search_queries": 112.5625,
  "avg_probe_queries": 2.0,
  "avg_total_oracle_queries": 115.5625,
  "query_cap_reached_ratio": 0.0,
  "topology_mode": "auto",
  "topology_source": "explicit_bus_branch",
  "noise_model": "unknown",
  "attack_mode": "single_active_region_search",
  "query_mode": "margin",
  "save_level": "summary_only",
  "budget_boundary_push_ratio": 0.0,
  "budget_boundary_search_steps": 0,
  "budget_variant": "minimum_success",
  "query_distribution": {
    "total_all": {
      "count": 64,
      "mean": 114.5625,
      "median": 47.0,
      "std": 122.60325686436718,
      "min": 3.0,
      "q25": 11.0,
      "q75": 243.0,
      "p90": 243.0,
      "p95": 243.0,
      "max": 483.0
    },
    "probe_all": {
      "count": 64,
      "mean": 2.0,
      "median": 2.0,
      "std": 0.0,
      "min": 2.0,
      "q25": 2.0,
      "q75": 2.0,
      "p90": 2.0,
      "p95": 2.0,
      "max": 2.0
    },
    "search_all": {
      "count": 64,
      "mean": 112.5625,
      "median": 45.0,
      "std": 122.60325686436718,
      "min": 1.0,
      "q25": 9.0,
      "q75": 241.0,
      "p90": 241.0,
      "p95": 241.0,
      "max": 481.0
    },
    "total_success": {
      "count": 42,
      "mean": 35.857142857142854,
      "median": 19.0,
      "std": 48.900565499004706,
      "min": 3.0,
      "q25": 3.0,
      "q75": 44.0,
      "p90": 86.6,
      "p95": 133.19999999999985,
      "max": 227.0
    },
    "total_failure": {
      "count": 22,
      "mean": 264.8181818181818,
      "median": 243.0,
      "std": 68.99514894912828,
      "min": 243.0,
      "q25": 243.0,
      "q75": 243.0,
      "p90": 243.0,
      "p95": 470.99999999999983,
      "max": 483.0
    },
    "search_success": {
      "count": 42,
      "mean": 33.857142857142854,
      "median": 17.0,
      "std": 48.900565499004706,
      "min": 1.0,
      "q25": 1.0,
      "q75": 42.0,
      "p90": 84.6,
      "p95": 131.19999999999985,
      "max": 225.0
    },
    "search_failure": {
      "count": 22,
      "mean": 262.8181818181818,
      "median": 241.0,
      "std": 68.99514894912828,
      "min": 241.0,
      "q25": 241.0,
      "q75": 241.0,
      "p90": 241.0,
      "p95": 468.99999999999983,
      "max": 481.0
    }
  },
  "query_budget_curve": [
    {
      "budget": 25,
      "finished_count": 24,
      "finished_rate": 37.5,
      "success_count": 24,
      "success_rate": 37.5,
      "conditional_success_rate": 100.0
    },
    {
      "budget": 40,
      "finished_count": 31,
      "finished_rate": 48.4375,
      "success_count": 31,
      "success_rate": 48.4375,
      "conditional_success_rate": 100.0
    },
    {
      "budget": 50,
      "finished_count": 35,
      "finished_rate": 54.6875,
      "success_count": 35,
      "success_rate": 54.6875,
      "conditional_success_rate": 100.0
    },
    {
      "budget": 60,
      "finished_count": 36,
      "finished_rate": 56.25,
      "success_count": 36,
      "success_rate": 56.25,
      "conditional_success_rate": 100.0
    },
    {
      "budget": 75,
      "finished_count": 36,
      "finished_rate": 56.25,
      "success_count": 36,
      "success_rate": 56.25,
      "conditional_success_rate": 100.0
    },
    {
      "budget": 100,
      "finished_count": 39,
      "finished_rate": 60.9375,
      "success_count": 39,
      "success_rate": 60.9375,
      "conditional_success_rate": 100.0
    },
    {
      "budget": 150,
      "finished_count": 40,
      "finished_rate": 62.5,
      "success_count": 40,
      "success_rate": 62.5,
      "conditional_success_rate": 100.0
    },
    {
      "budget": 200,
      "finished_count": 41,
      "finished_rate": 64.0625,
      "success_count": 41,
      "success_rate": 64.0625,
      "conditional_success_rate": 100.0
    }
  ],
  "attack_config": {
    "attack_mode": "single_active_region_search",
    "state_seed_mode": "legacy",
    "max_queries_per_sample": 0,
    "region_size": 117,
    "anchor_size": 3,
    "region_candidates": 1,
    "anchor_pool_size": 3,
    "probabilistic_region_prior": false,
    "prior_temperature": 1.0,
    "prior_uniform_mixing": 0.0,
    "hierarchical_probe": false,
    "coarse_probe_directions": 1,
    "fine_probe_topk": 3,
    "initial_probe_region_topk": 0,
    "probe_expand_improvement_ratio": 0.0,
    "region_proposal_mode": "default",
    "proposal_diffusion_steps": 2,
    "proposal_diffusion_alpha": 0.35,
    "proposal_flow_weight": 0.3,
    "proposal_corridor_weight": 0.25,
    "probe_directions": 1,
    "probe_scale_ratio": 0.25,
    "population": 12,
    "rounds": 40,
    "radius_ratio": 1.0,
    "radius_floor": 0.01,
    "step_ratio": 0.35,
    "step_decay": 0.7,
    "patience": 3,
    "min_step_ratio": 0.08,
    "max_step_shrinks": 4,
    "measurement_delta_l2_ratio_cap": 0.15,
    "realism_penalty_weight": 0.0,
    "fdia_preserve_weight": 4.0,
    "fdia_backbone_lock_ratio": 0.2,
    "fdia_state_projection_min": 0.45,
    "fdia_measurement_projection_min": 0.45,
    "fdia_offsupport_max": 0.6,
    "fdia_state_penalty_weight": 0.45,
    "fdia_measurement_penalty_weight": 0.35,
    "fdia_offsupport_penalty_weight": 0.2,
    "region_budget_topk": 1,
    "region_budget_explore_rounds": 0,
    "feedback_loop": false,
    "feedback_round_chunk": 2,
    "feedback_branch_topk": 2,
    "feedback_stagnation_trigger": 2,
    "feedback_probe_gap_abs_threshold": 0.0,
    "feedback_probe_gap_ratio_threshold": 0.0,
    "feedback_keep_probe_best_incumbent": true,
    "feedback_min_state_dim": 0,
    "detector_feedback_region": false,
    "detector_feedback_prior_mix": 0.25,
    "detector_feedback_success_bonus": 0.75,
    "detector_feedback_min_gain": 0.0,
    "feedback_physics_reward_shaping": false,
    "feedback_physics_weight": 0.5,
    "region_budget_score_slack": 0.0,
    "budget_region_max_probe_best_prior": 1.0,
    "budget_region_prior_tiebreak": false,
    "measurement_suppression_strength": 0.0,
    "injection_scale": 0.82,
    "flow_scale": 1.0,
    "leverage_suppression": 0.3,
    "min_channel_scale": 0.6,
    "probe_channel_shaping_only": false,
    "structured_search_directions": false,
    "structured_direction_count": 4,
    "measurement_basis_search": false,
    "measurement_bandit_search": false,
    "state_basis_search": false,
    "state_bandit_search": false,
    "state_subspace_pgzoo": true,
    "state_basis_dim": 12,
    "bandit_direction_samples": 2,
    "bandit_momentum": 0.75,
    "bandit_exploration_ratio": 1.0,
    "bandit_warmup_rounds": 0,
    "pgzoo_probe_pairs": 4,
    "pgzoo_alpha_ratio": 1.0,
    "pgzoo_momentum": 0.8,
    "pgzoo_line_candidates": 3,
    "pgzoo_query_prior_weight": 0.35,
    "pgzoo_prior_topology_weight": 0.45,
    "pgzoo_prior_base_weight": 0.35,
    "pgzoo_prior_best_weight": 0.2,
    "pgzoo_structured_covariance": true,
    "pgzoo_physical_preconditioner": true,
    "pgzoo_covariance_gamma": 0.75,
    "pgzoo_covariance_ridge": 0.001,
    "pgzoo_preconditioner_ridge": 0.1,
    "support_pool_size": 0,
    "support_final_size": 0,
    "support_diffusion_lambda": 0.75,
    "support_probe_scale_ratio": 0.3,
    "support_prior_weight": 0.25,
    "support_diversity_penalty": 0.15,
    "support_success_bonus": 1.0,
    "support_keep_base_support": true,
    "adaptive_support_selection": false,
    "adaptive_support_mass_threshold": 0.85,
    "adaptive_support_max_size": 0,
    "measurement_guided_state_refine": false,
    "guided_state_region_size": 0,
    "physical_measurement_gate": false,