scope,count,mean,median,std,min,q25,q75,p90,p95,max
total_all,16,126.25,106.5,56.1855185968769,66.0,69.0,192.0,192.0,192.0,192.0
probe_all,16,65.0,65.0,0.0,65.0,65.0,65.0,65.0,65.0,65.0
search_all,16,61.25,41.5,56.1855185968769,1.0,4.0,127.0,127.0,127.0,127.0
total_success,10,86.8,71.5,30.012663993721052,66.0,66.0,96.75,117.19999999999999,140.59999999999994,164.0
total_failure,6,192.0,192.0,0.0,192.0,192.0,192.0,192.0,192.0,192.0
search_success,10,21.8,6.5,30.012663993721052,1.0,1.0,31.75,52.19999999999998,75.59999999999994,99.0
search_failure,6,127.0,127.0,0.0,127.0,127.0,127.0,127.0,127.0,127.0
