{
  "system_id": 14,
  "data_dir": "C:\\Users\\Adam\\Desktop\\DFME\\power system\\dfme_matlab\\FDIA_Dataset_case14",
  "result_dir": "C:\\Users\\Adam\\Desktop\\DFME\\power system\\topo_latent_blackbox\\results\\misc\\misc\\case14_128_s3_cap20_case14\\runs\\ieee_case14_case14_128_s3_cap20_case14",
  "exp_tag": "case14_128_s3_cap20_case14",
  "subset_size": 128,
  "run_seed": 42,
  "oracle_arch": "resmlp",
  "oracle_checkpoint_path": "",
  "attack_success_rate": 80.46875,
  "avg_queries": 39.9296875,
  "avg_search_queries": 22.9296875,
  "avg_probe_queries": 17.0,
  "avg_total_oracle_queries": 40.9296875,
  "query_cap_reached_ratio": 0.0,
  "topology_mode": "auto",
  "topology_source": "explicit_bus_branch",
  "noise_model": "known",
  "attack_mode": "support_identify_pgzoo",
  "query_mode": "margin",
  "save_level": "summary_only",
  "budget_boundary_push_ratio": 0.0,
  "budget_boundary_search_steps": 0,
  "budget_variant": "minimum_success",
  "query_distribution": {
    "total_all": {
      "count": 128,
      "mean": 39.9296875,
      "median": 26.5,
      "std": 24.742796803359635,
      "min": 18.0,
      "q25": 18.0,
      "q75": 58.0,
      "p90": 80.0,
      "p95": 88.0,
      "max": 88.0
    },
    "probe_all": {
      "count": 128,
      "mean": 17.0,
      "median": 17.0,
      "std": 0.0,
      "min": 17.0,
      "q25": 17.0,
      "q75": 17.0,
      "p90": 17.0,
      "p95": 17.0,
      "max": 17.0
    },
    "search_all": {
      "count": 128,
      "mean": 22.9296875,
      "median": 9.5,
      "std": 24.742796803359635,
      "min": 1.0,
      "q25": 1.0,
      "q75": 41.0,
      "p90": 63.0,
      "p95": 71.0,
      "max": 71.0
    },
    "total_success": {
      "count": 103,
      "mean": 31.660194174757283,
      "median": 18.0,
      "std": 19.182087820833782,
      "min": 18.0,
      "q25": 18.0,
      "q75": 48.0,
      "p90": 61.999999999999986,
      "p95": 69.79999999999998,
      "max": 85.0
    },
    "total_failure": {
      "count": 25,
      "mean": 74.0,
      "median": 73.0,
      "std": 13.2664991614216,
      "min": 58.0,
      "q25": 58.0,
      "q75": 88.0,
      "p90": 88.0,
      "p95": 88.0,
      "max": 88.0
    },
    "search_success": {
      "count": 103,
      "mean": 14.660194174757281,
      "median": 1.0,
      "std": 19.18208782083378,
      "min": 1.0,
      "q25": 1.0,
      "q75": 31.0,
      "p90": 44.999999999999986,
      "p95": 52.79999999999998,
      "max": 68.0
    },
    "search_failure": {
      "count": 25,
      "mean": 57.0,
      "median": 56.0,
      "std": 13.2664991614216,
      "min": 41.0,
      "q25": 41.0,
      "q75": 71.0,
      "p90": 71.0,
      "p95": 71.0,
      "max": 71.0
    }
  },
  "query_budget_curve": [
    {
      "budget": 25,
      "finished_count": 64,
      "finished_rate": 50.0,
      "success_count": 64,
      "success_rate": 50.0,
      "conditional_success_rate": 100.0
    },
    {
      "budget": 40,
      "finished_count": 75,
      "finished_rate": 58.59375,
      "success_count": 75,
      "success_rate": 58.59375,
      "conditional_success_rate": 100.0
    },
    {
      "budget": 50,
      "finished_count": 81,
      "finished_rate": 63.28125,
      "success_count": 81,
      "success_rate": 63.28125,
      "conditional_success_rate": 100.0
    },
    {
      "budget": 60,
      "finished_count": 99,
      "finished_rate": 77.34375,
      "success_count": 92,
      "success_rate": 71.875,
      "conditional_success_rate": 92.92929292929293
    },
    {
      "budget": 75,
      "finished_count": 112,
      "finished_rate": 87.5,
      "success_count": 99,
      "success_rate": 77.34375,
      "conditional_success_rate": 88.39285714285714
    },
    {
      "budget": 100,
      "finished_count": 128,
      "finished_rate": 100.0,
      "success_count": 103,
      "success_rate": 80.46875,
      "conditional_success_rate": 80.46875
    },
    {
      "budget": 150,
      "finished_count": 128,
      "finished_rate": 100.0,
      "success_count": 103,
      "success_rate": 80.46875,
      "conditional_success_rate": 80.46875
    },
    {
      "budget": 200,
      "finished_count": 128,
      "finished_rate": 100.0,
      "success_count": 103,
      "success_rate": 80.46875,
      "conditional_success_rate": 80.46875
    }
  ],
  "attack_config": {
    "attack_mode": "support_identify_pgzoo",
    "state_seed_mode": "legacy",
    "max_queries_per_sample": 0,
    "region_size": 3,
    "anchor_size": 2,
    "region_candidates": 4,
    "anchor_pool_size": 6,
    "probabilistic_region_prior": false,
    "prior_temperature": 1.0,
    "prior_uniform_mixing": 0.0,
    "hierarchical_probe": false,
    "coarse_probe_directions": 1,
    "fine_probe_topk": 3,
    "initial_probe_region_topk": 0,
    "probe_expand_improvement_ratio": 0.0,
    "region_proposal_mode": "default",
    "proposal_diffusion_steps": 2,
    "proposal_diffusion_alpha": 0.35,
    "proposal_flow_weight": 0.3,
    "proposal_corridor_weight": 0.25,
    "probe_directions": 2,
    "probe_scale_ratio": 0.3,
    "population": 12,
    "rounds": 14,
    "radius_ratio": 1.0,
    "radius_floor": 0.01,
    "step_ratio": 0.4,
    "step_decay": 0.7,
    "patience": 2,
    "min_step_ratio": 0.1,
    "max_step_shrinks": 3,
    "measurement_delta_l2_ratio_cap": 0.2,
    "realism_penalty_weight": 0.0,
    "fdia_preserve_weight": 4.0,
    "fdia_backbone_lock_ratio": 0.15,
    "fdia_state_projection_min": 0.45,
    "fdia_measurement_projection_min": 0.45,
    "fdia_offsupport_max": 0.6,
    "fdia_state_penalty_weight": 1.0,
    "fdia_measurement_penalty_weight": 0.5,
    "fdia_offsupport_penalty_weight": 0.25,
    "region_budget_topk": 1,
    "region_budget_explore_rounds": 0,
    "feedback_loop": false,
    "feedback_round_chunk": 2,
    "feedback_branch_topk": 2,
    "feedback_stagnation_trigger": 2,
    "feedback_probe_gap_abs_threshold": 0.0,
    "feedback_probe_gap_ratio_threshold": 0.0,
    "feedback_keep_probe_best_incumbent": true,
    "feedback_min_state_dim": 0,
    "detector_feedback_region": false,
    "detector_feedback_prior_mix": 0.25,
    "detector_feedback_success_bonus": 0.75,
    "detector_feedback_min_gain": 0.0,
    "feedback_physics_reward_shaping": false,
    "feedback_physics_weight": 0.5,
    "region_budget_score_slack": 0.0,
    "budget_region_max_probe_best_prior": 1.0,
    "budget_region_prior_tiebreak": false,
    "measurement_suppression_strength": 0.0,
    "injection_scale": 0.82,
    "flow_scale": 1.0,
    "leverage_suppression": 0.3,
    "min_channel_scale": 0.6,
    "probe_channel_shaping_only": false,
    "structured_search_directions": false,
    "structured_direction_count": 4,
    "measurement_basis_search": false,
    "measurement_bandit_search": false,
    "state_basis_search": false,
    "state_bandit_search": false,
    "state_subspace_pgzoo": true,
    "state_basis_dim": 3,
    "bandit_direction_samples": 2,
    "bandit_momentum": 0.75,
    "bandit_exploration_ratio": 1.0,
    "bandit_warmup_rounds": 0,
    "pgzoo_probe_pairs": 1,
    "pgzoo_alpha_ratio": 1.0,
    "pgzoo_momentum": 0.8,
    "pgzoo_line_candidates": 2,
    "pgzoo_query_prior_weight": 0.35,
    "pgzoo_prior_topology_weight": 0.45,
    "pgzoo_prior_base_weight": 0.35,
    "pgzoo_prior_best_weight": 0.2,
    "pgzoo_structured_covariance": true,
    "pgzoo_physical_preconditioner": true,
    "pgzoo_covariance_gamma": 0.75,
    "pgzoo_covariance_ridge": 0.001,
    "pgzoo_preconditioner_ridge": 0.1,
    "support_pool_size": 8,
    "support_final_size": 3,
    "support_diffusion_lambda": 0.75,
    "support_probe_scale_ratio": 0.6,
    "support_prior_weight": 0.25,
    "support_diversity_penalty": 0.0,
    "support_success_bonus": 1.0,
    "support_keep_base_support": true,
    "measurement_guided_state_refine": false,
    "guided_state_region_size": 0,
    "physical_measurement_gate": false,
    "measurement_gate_ratio": 1.0,
    "measurement_gate_response_weight": 0.6,