{
  "system_id": 14,
  "data_dir": "C:\\Users\\Adam\\Desktop\\DFME\\power system\\dfme_matlab\\FDIA_Dataset_case14",
  "subset_size": 1717,
  "run_seed": 42,
  "oracle_arch": "resmlp",
  "oracle_checkpoint_path": "",
  "attack_success_rate": 97.37914800643921,
  "avg_queries": 21.842166569598135,
  "avg_search_queries": 19.842166569598135,
  "avg_probe_queries": 2.0,
  "avg_total_oracle_queries": 22.842166569598135,
  "topology_mode": "auto",
  "topology_source": "explicit_bus_branch",
  "noise_model": "known",
  "attack_mode": "region_search",
  "query_mode": "margin",
  "save_level": "summary_only",
  "query_distribution": {
    "total_all": {
      "count": 1717,
      "mean": 21.842166569598135,
      "median": 19.0,
      "std": 27.60181794022516,
      "min": 3.0,
      "q25": 3.0,
      "q75": 19.0,
      "p90": 51.0,
      "p95": 83.0,
      "max": 195.0
    },
    "probe_all": {
      "count": 1717,
      "mean": 2.0,
      "median": 2.0,
      "std": 0.0,
      "min": 2.0,
      "q25": 2.0,
      "q75": 2.0,
      "p90": 2.0,
      "p95": 2.0,
      "max": 2.0
    },
    "search_all": {
      "count": 1717,
      "mean": 19.842166569598135,
      "median": 17.0,
      "std": 27.60181794022516,
      "min": 1.0,
      "q25": 1.0,
      "q75": 17.0,
      "p90": 49.0,
      "p95": 81.0,
      "max": 193.0
    },
    "total_success": {
      "count": 1672,
      "mean": 19.0622009569378,
      "median": 11.0,
      "std": 21.70784606546033,
      "min": 3.0,
      "q25": 3.0,
      "q75": 19.0,
      "p90": 43.0,
      "p95": 59.0,
      "max": 171.0
    },
    "total_failure": {
      "count": 45,
      "mean": 125.13333333333334,
      "median": 115.0,
      "std": 24.579666393179547,
      "min": 99.0,
      "q25": 107.0,
      "q75": 131.0,
      "p90": 163.0,
      "p95": 190.19999999999993,
      "max": 195.0
    },
    "search_success": {
      "count": 1672,
      "mean": 17.0622009569378,
      "median": 9.0,
      "std": 21.70784606546033,
      "min": 1.0,
      "q25": 1.0,
      "q75": 17.0,
      "p90": 41.0,
      "p95": 57.0,
      "max": 169.0
    },
    "search_failure": {
      "count": 45,
      "mean": 123.13333333333334,
      "median": 113.0,
      "std": 24.579666393179547,
      "min": 97.0,
      "q25": 105.0,
      "q75": 129.0,
      "p90": 161.0,
      "p95": 188.19999999999993,
      "max": 193.0
    }
  },
  "query_budget_curve": [
    {
      "budget": 25,
      "finished_count": 1380,
      "finished_rate": 80.3727431566686,
      "success_count": 1380,
      "success_rate": 80.3727431566686,
      "conditional_success_rate": 100.0
    },
    {
      "budget": 40,
      "finished_count": 1500,
      "finished_rate": 87.361677344205,
      "success_count": 1500,
      "success_rate": 87.361677344205,
      "conditional_success_rate": 100.0
    },
    {
      "budget": 50,
      "finished_count": 1541,
      "finished_rate": 89.74956319161328,
      "success_count": 1541,
      "success_rate": 89.74956319161328,
      "conditional_success_rate": 100.0
    },
    {
      "budget": 60,
      "finished_count": 1593,
      "finished_rate": 92.77810133954571,
      "success_count": 1593,
      "success_rate": 92.77810133954571,
      "conditional_success_rate": 100.0
    },
    {
      "budget": 75,
      "finished_count": 1622,
      "finished_rate": 94.46709376820034,
      "success_count": 1622,
      "success_rate": 94.46709376820034,
      "conditional_success_rate": 100.0
    },
    {
      "budget": 100,
      "finished_count": 1651,
      "finished_rate": 96.15608619685499,
      "success_count": 1647,
      "success_rate": 95.9231217239371,
      "conditional_success_rate": 99.75772259236827
    },
    {
      "budget": 150,
      "finished_count": 1706,
      "finished_rate": 99.35934769947583,
      "success_count": 1667,
      "success_rate": 97.0879440885265,
      "conditional_success_rate": 97.71395076201641
    },
    {
      "budget": 200,
      "finished_count": 1717,
      "finished_rate": 100.0,
      "success_count": 1672,
      "success_rate": 97.37914967967384,
      "conditional_success_rate": 97.37914967967384
    }
  ],
  "attack_config": {
    "attack_mode": "region_search",
    "state_seed_mode": "legacy",
    "region_size": 2,
    "anchor_size": 2,
    "region_candidates": 1,
    "anchor_pool_size": 8,
    "probabilistic_region_prior": false,
    "prior_temperature": 1.0,
    "prior_uniform_mixing": 0.0,
    "hierarchical_probe": false,
    "coarse_probe_directions": 1,
    "fine_probe_topk": 3,
    "initial_probe_region_topk": 0,
    "probe_expand_improvement_ratio": 0.0,
    "region_proposal_mode": "default",
    "proposal_diffusion_steps": 2,
    "proposal_diffusion_alpha": 0.35,
    "proposal_flow_weight": 0.3,
    "proposal_corridor_weight": 0.25,
    "probe_directions": 1,
    "probe_scale_ratio": 0.35,
    "population": 4,
    "rounds": 24,
    "radius_ratio": 1.0,
    "radius_floor": 0.01,
    "step_ratio": 0.5,
    "step_decay": 0.7,
    "patience": 3,
    "min_step_ratio": 0.08,
    "max_step_shrinks": 4,
    "measurement_delta_l2_ratio_cap": 0.0,
    "realism_penalty_weight": 0.0,
    "fdia_preserve_weight": 0.0,
    "fdia_backbone_lock_ratio": 0.0,
    "fdia_state_projection_min": 0.7,
    "fdia_measurement_projection_min": 0.7,
    "fdia_offsupport_max": 0.35,
    "fdia_state_penalty_weight": 0.45,
    "fdia_measurement_penalty_weight": 0.35,
    "fdia_offsupport_penalty_weight": 0.2,
    "region_budget_topk": 1,
    "region_budget_explore_rounds": 0,
    "feedback_loop": false,
    "feedback_round_chunk": 2,
    "feedback_branch_topk": 2,
    "feedback_stagnation_trigger": 2,
    "feedback_probe_gap_abs_threshold": 0.0,
    "feedback_probe_gap_ratio_threshold": 0.0,
    "feedback_keep_probe_best_incumbent": false,
    "feedback_min_state_dim": 0,
    "detector_feedback_region": false,
    "detector_feedback_prior_mix": 0.25,
    "detector_feedback_success_bonus": 0.75,
    "detector_feedback_min_gain": 0.0,
    "feedback_physics_reward_shaping": false,
    "feedback_physics_weight": 0.5,
    "region_budget_score_slack": 0.0,
    "budget_region_max_probe_best_prior": 1.0,
    "budget_region_prior_tiebreak": false,
    "measurement_suppression_strength": 0.35,
    "injection_scale": 0.9,
    "flow_scale": 1.0,
    "leverage_suppression": 0.15,
    "min_channel_scale": 0.72,
    "probe_channel_shaping_only": true,
    "structured_search_directions": true,
    "structured_direction_count": 4,
    "measurement_basis_search": false,
    "measurement_bandit_search": false,
    "state_basis_search": false,
    "state_bandit_search": false,
    "state_subspace_pgzoo": false,
    "state_basis_dim": 4,
    "bandit_direction_samples": 2,
    "bandit_momentum": 0.75,
    "bandit_exploration_ratio": 1.0,
    "bandit_warmup_rounds": 0,
    "pgzoo_probe_pairs": 2,
    "pgzoo_alpha_ratio": 1.0,
    "pgzoo_momentum": 0.75,
    "pgzoo_line_candidates": 3,
    "pgzoo_prior_topology_weight": 0.45,
    "pgzoo_prior_base_weight": 0.35,
    "pgzoo_prior_best_weight": 0.2,
    "pgzoo_structured_covariance": false,
    "pgzoo_physical_preconditioner": false,
    "pgzoo_covariance_gamma": 0.75,
    "pgzoo_covariance_ridge": 0.001,
    "pgzoo_preconditioner_ridge": 0.1,
    "measurement_guided_state_refine": false,
    "guided_state_region_size": 0,
    "physical_measurement_gate": false,
    "measurement_gate_ratio": 1.0,
    "measurement_gate_response_weight": 0.6,
    "measurement_gate_effectiveness_weight": 0.4,
    "measurement_conditioned_state_gate": false,
    "state_gate_ratio": 1.0,
    "state_gate_escape_candidates": 0,
    "adaptive_query_budget": true,
    "easy_probe_improvement_ratio": 0.5,
    "easy_population": 0,
    "easy_rounds": 0,
    "single_active_size": 0,
    "active_set_sizes": "",
    "layered_stage_rounds": 0,
    "layered_final_rounds": 0,
    "multisource_physical_prior": false,
    "physics_query_allocation": false,
    "physics_query_topk": 1,